{"x1":{"0":2.9214008385,"1":2.7453991622,"2":0.123992045,"3":0.6984275852,"4":0.5987481297,"5":0.0,"6":1.2437065904,"7":0.9667447021,"8":0.4193383053,"9":1.1113863953,"10":0.7843671202,"11":0.9673673806,"12":0.2792358512,"13":0.8768017502,"14":0.1428684459,"15":1.103472912,"16":0.9736955874,"17":0.0795759326,"18":0.5853400925,"19":1.0707275547,"20":0.6004656605,"21":1.0901684431,"22":0.7886777281,"23":0.9304489381,"24":0.4448735675,"25":0.0729837713,"26":0.4476404719,"27":0.0,"28":1.0516178747,"29":1.1901748686,"30":0.5835172623,"31":0.967914614,"32":0.8814934256,"33":0.5928185753,"34":0.5660839593,"35":1.0419704636,"36":0.2897776086,"37":1.144889582,"38":0.2616315828,"39":1.1786938973,"40":0.2564770585,"41":0.0624674771,"42":0.8759263325,"43":0.8710409358,"44":0.4856889793},"x2":{"0":1.8260707591,"1":2.0205756885,"2":2.9700511329,"3":1.0524640412,"4":0.1152016586,"5":0.6865841854,"6":0.4494167375,"7":0.8178921139,"8":1.0537138407,"9":0.2729932543,"10":0.8238651595,"11":0.0669452119,"12":1.1070532324,"13":1.0474964088,"14":1.0755670495,"15":0.798044662,"16":0.5173879392,"17":1.0463611846,"18":1.1669097415,"19":0.1146388222,"20":0.9137876089,"21":0.8550221889,"22":1.1251486532,"23":0.5160738333,"24":1.1841837068,"25":1.0480058145,"26":0.9535829114,"27":0.0,"28":0.0797739529,"29":0.5479612035,"30":0.8279108133,"31":1.0084551287,"32":0.4928475785,"33":1.1865819399,"34":0.799565339,"35":0.0649966081,"36":1.1576114657,"37":0.755032435,"38":1.004181397,"39":0.3514319553,"40":0.9634407047,"41":1.0416767155,"42":0.4783078339,"43":1.0873374046,"44":1.1950533954},"y1":{"0":2.9214008385,"1":2.7453991622,"2":0.123992045,"3":0.6984275852,"4":0.5987481297,"5":0.0,"6":1.2437065904,"7":0.9667447021,"8":0.4193383053,"9":1.1113863953,"10":0.7843671202,"11":0.9673673806,"12":0.2792358512,"13":0.8768017502,"14":0.1428684459,"15":1.103472912,"16":0.9736955874,"17":0.0795759326,"18":0.5853400925,"19":1.0707275547,"20":0.6004656605,"21":1.0901684431,"22":0.7886777281,"23":0.9304489381,"24":0.4448735675,"25":0.0729837713,"26":0.4476404719,"27":0.0,"28":1.0516178747,"29":1.1901748686,"30":0.5835172623,"31":0.967914614,"32":0.8814934256,"33":0.5928185753,"34":0.5660839593,"35":1.0419704636,"36":0.2897776086,"37":1.144889582,"38":0.2616315828,"39":1.1786938973,"40":0.2564770585,"41":0.0624674771,"42":0.8759263325,"43":0.8710409358,"44":0.4856889793},"c1":{"0":10.9575184792,"1":10.6946751367,"2":7.7580450155,"3":0.6953535464,"4":-0.5287317471,"5":-0.6286021564,"6":0.6746080816,"7":0.5798353438,"8":0.1886382872,"9":0.3853951612,"10":0.2016045357,"11":-0.1045880329,"12":0.3723674913,"13":0.8505699785,"14":0.2288518561,"15":0.9374330859,"16":0.2118542673,"17":0.0663202,"18":0.6639865862,"19":0.1731342073,"20":0.2948115468,"21":0.954199118,"22":0.9816642037,"23":0.1566646709,"24":0.5140913921,"25":0.0593965855,"26":0.0357960605,"27":-1.1,"28":0.0770943172,"29":0.6354112449,"30":0.118099372,"31":0.8591766144,"32":0.0497610816,"33":0.7167517971,"34":0.0505557992,"35":0.0356248702,"36":0.4949196203,"37":0.980379914,"38":0.1360988614,"39":0.5204359085,"40":0.0462314438,"41":0.0315049462,"42":0.0102789111,"43":0.959824021,"44":0.5646159717},"c2":{"0":7.6216456787,"1":7.353967822,"2":6.2425345814,"3":0.3445900233,"4":0.1578209567,"5":0.2848136582,"6":0.555658159,"7":0.318906013,"8":0.3131053264,"9":0.4253253869,"10":0.1857533006,"11":0.4059687179,"12":0.4172504364,"13":0.4417318766,"14":0.4588203754,"15":0.453010176,"16":0.2246898499,"17":0.4752669405,"18":0.4520515347,"19":0.474233179,"20":0.1813135342,"21":0.4743395458,"22":0.4741456693,"23":0.1855446564,"24":0.4711462682,"25":0.4826532323,"26":0.2084789777,"27":0.5,"28":0.4808722104,"29":0.4786416263,"30":0.1145006346,"31":0.4774707038,"32":0.1455883909,"33":0.4800100481,"34":0.094106482,"35":0.4829599344,"36":0.4766462937,"37":0.4809241158,"38":0.3110183833,"39":0.4826978701,"40":0.2740807098,"41":0.4848483728,"42":0.1417911575,"43":0.4826366029,"44":0.4833040278},"c1_stat":{"0":1.0,"1":1.0,"2":1.0,"3":1.0,"4":0.0,"5":0.0,"6":1.0,"7":1.0,"8":1.0,"9":1.0,"10":1.0,"11":0.0,"12":1.0,"13":1.0,"14":1.0,"15":1.0,"16":1.0,"17":1.0,"18":1.0,"19":1.0,"20":1.0,"21":1.0,"22":1.0,"23":1.0,"24":1.0,"25":1.0,"26":1.0,"27":0.0,"28":1.0,"29":1.0,"30":1.0,"31":1.0,"32":1.0,"33":1.0,"34":1.0,"35":1.0,"36":1.0,"37":1.0,"38":1.0,"39":1.0,"40":1.0,"41":1.0,"42":1.0,"43":1.0,"44":1.0},"c2_stat":{"0":0.0,"1":0.0,"2":0.0,"3":1.0,"4":1.0,"5":1.0,"6":0.0,"7":1.0,"8":1.0,"9":1.0,"10":1.0,"11":1.0,"12":1.0,"13":1.0,"14":1.0,"15":1.0,"16":1.0,"17":1.0,"18":1.0,"19":1.0,"20":1.0,"21":1.0,"22":1.0,"23":1.0,"24":1.0,"25":1.0,"26":1.0,"27":0.0,"28":1.0,"29":1.0,"30":1.0,"31":1.0,"32":1.0,"33":1.0,"34":1.0,"35":1.0,"36":1.0,"37":1.0,"38":1.0,"39":1.0,"40":1.0,"41":1.0,"42":1.0,"43":1.0,"44":1.0},"feasibility":{"0":0.0,"1":0.0,"2":0.0,"3":1.0,"4":0.0,"5":0.0,"6":0.0,"7":1.0,"8":1.0,"9":1.0,"10":1.0,"11":0.0,"12":1.0,"13":1.0,"14":1.0,"15":1.0,"16":1.0,"17":1.0,"18":1.0,"19":1.0,"20":1.0,"21":1.0,"22":1.0,"23":1.0,"24":1.0,"25":1.0,"26":1.0,"27":0.0,"28":1.0,"29":1.0,"30":1.0,"31":1.0,"32":1.0,"33":1.0,"34":1.0,"35":1.0,"36":1.0,"37":1.0,"38":1.0,"39":1.0,"40":1.0,"41":1.0,"42":1.0,"43":1.0,"44":1.0}}