{"variables": {"x1": [0.1072498277708888, 2.5705687555801866, 3.0320359260571004, 1.3168892800924181, 2.595511089850068, 0.45968880393103384, 0.8392844263861378], "x2": [0.9968797549635171, 3.0759466507810354, 0.027763897096123546, 0.4134490902028978, 2.7769805641704797, 0.0, 1.1534176805282945]}, "objectives": {"y1": [0.1072498277708888, 2.5705687555801866, 3.0320359260571004, 1.3168892800924181, 2.595511089850068, null, 0.8392844263861378]}, "constraints": {"c1": [0.01961971556853594, 15.05506375450846, 8.09508396575561, 0.8896969939469984, 13.36254008860162, -0.8886862035404555, 1.114985615366673], "c2": [0.4011421886786013, 10.922756119254917, 6.634212867729679, 0.6747991559166152, 9.575807217294734, 0.2516249925285106, 0.5420685872151468]}, "constraint_status": {"c1": [1.0, 1.0, 1.0, 1.0, 1.0, 0.0, 1.0], "c2": [1.0, 0.0, 0.0, 0.0, 0.0, 1.0, 0.0]}, "feasibility": [1.0, 0.0, 0.0, 0.0, 0.0, 0.0, 0.0]}