{"variables": {"x1": [0.21718964362710713, 1.4043307924810051, 1.1739477455249427, 0.9316164364305138, 1.2063735665398836, 0.0, 2.2261186187985333, 0.9405107630536412, 0.5792740886161389, 1.0517024122590781, 0.3299335966773645, 0.811209704099587, 0.1482459838475578, 1.160228154784307, 0.06074973509862621, 1.1147045873698498, 0.634996653195177, 1.172412608375788, 1.0998108771471125, 0.6554571754602895, 1.0232695011902968, 0.36096146147831387, 0.9331102135847956, 0.06461592367365332, 0.4955198898209648, 1.1890219780651028, 1.0467628832409226, 0.7786730477029684, 0.6701269219513714, 1.065664171202216], "x2": [1.4509137162214516, 2.6310731236976386, 1.8707980956959724, 1.2548077705842255, 1.8055575284457206, 0.0, 0.0, 0.0, 1.0446542657496711, 0.620306200967502, 1.0208178251290756, 0.7119103384667056, 1.0581762053232977, 0.5152434134055126, 1.0250106784085227, 0.24825601787268337, 1.164643864040372, 0.6129337051511846, 0.16652118512209368, 0.8415662157433081, 0.9078732336031639, 0.9811471639050378, 0.5092472609476497, 1.0420355755309276, 1.1864997089298457, 0.5790989584582937, 0.07634955811777908, 1.130248262804689, 0.797370296148526, 0.8932293671928494]}, "objectives": {"y1": [0.21718964362710713, 1.4043307924810051, 1.1739477455249427, 0.9316164364305138, 1.2063735665398836, 0.0, 2.2261186187985333, 0.9405107630536412, 0.5792740886161389, 1.0517024122590781, 0.3299335966773645, 0.811209704099587, 0.1482459838475578, 1.160228154784307, 0.06074973509862621, 1.1147045873698498, 0.634996653195177, 1.172412608375788, 1.0998108771471125, 0.6554571754602895, 1.0232695011902968, 0.36096146147831387, 0.9331102135847956, 0.06461592367365332, 0.4955198898209648, 1.1890219780651028, 1.0467628832409226, 0.7786730477029684, 0.6701269219513714, 1.065664171202216]}, "constraints": {"c1": [1.224517021131708, 7.893741147413484, 3.967718417738892, 1.5125858474110307, 3.815375163497423, -1.1, 3.8556041049614893, -0.21543950458025754, 0.45129498216126596, 0.5531385717104439, 0.12239382367877175, 0.11439709497185256, 0.202728062864512, 0.5196414477536238, -0.004060795388955499, 0.3976258302048591, 0.7728545301923747, 0.7356426294046359, 0.3113411566013097, 0.1775499674113916, 0.8135494346723352, 0.012895965290922892, 0.14390649226658112, 0.035218004294664006, 0.5534301931132002, 0.6924674135438204, 0.06206276238599149, 0.9812172530864827, 0.06628480594501138, 0.9169758308164906], "c2": [0.9842185933698541, 5.3592868407757335, 2.3332929828618574, 0.7560275187313047, 2.2034440755875737, 0.5, 3.2294854861629565, 0.44404973236610124, 0.3029326503252328, 0.3188491336837188, 0.3001737885112777, 0.14175747147482626, 0.43529156406848873, 0.4361335780221422, 0.46857700765890425, 0.44123676227085595, 0.45997556238041537, 0.46489273766190553, 0.4709812083163613, 0.14083441313929534, 0.4401715455658431, 0.2508343085281077, 0.18766996894650123, 0.48336185905969, 0.47130192174797914, 0.4810079314859339, 0.4784293473969278, 0.47487154028438927, 0.11737226260411003, 0.4746052898047786]}, "constraint_status": {"c1": [1.0, 1.0, 1.0, 1.0, 1.0, 0.0, 1.0, 0.0, 1.0, 1.0, 1.0, 1.0, 1.0, 1.0, 0.0, 1.0, 1.0, 1.0, 1.0, 1.0, 1.0, 1.0, 1.0, 1.0, 1.0, 1.0, 1.0, 1.0, 1.0, 1.0], "c2": [0.0, 0.0, 0.0, 0.0, 0.0, 0.0, 0.0, 1.0, 1.0, 1.0, 1.0, 1.0, 1.0, 1.0, 1.0, 1.0, 1.0, 1.0, 1.0, 1.0, 1.0, 1.0, 1.0, 1.0, 1.0, 1.0, 1.0, 1.0, 1.0, 1.0]}, "feasibility": [0.0, 0.0, 0.0, 0.0, 0.0, 0.0, 0.0, 0.0, 1.0, 1.0, 1.0, 1.0, 1.0, 1.0, 0.0, 1.0, 1.0, 1.0, 1.0, 1.0, 1.0, 1.0, 1.0, 1.0, 1.0, 1.0, 1.0, 1.0, 1.0, 1.0]}