{"variables": {"x1": [0.7632798826050758, 2.8368113819664718, 0.31579857165962455, 0.09746985416475683, 2.034103807232976, 1.300221069692502, 0.8639269832085635, 0.18328034646996513, 0.5283889704871106, 0.33272890416404344, 0.18381309660242923, 0.07529693001020771, 0.4375342560403184, 0.9568418698694178, 1.115669955444654, 1.0658081141673696, 1.0339845077881007, 0.9894343775468969, 1.0949215955548188, 0.7811263261869953, 0.7611338171274408, 0.6245043991857294, 0.5745578334301624, 0.63109874528646, 0.9703231138214011, 1.0699132181705093, 1.1889394465170475, 1.174382248628945, 1.0373927268627081, 1.0381426600590342, 1.1554638493360578, 0.9523559572265388, 0.9151098017524701, 0.8241177507986472, 0.5572092495780352], "x2": [1.0459335803627967, 0.8167114105871319, 1.9855797215777635, 1.752709575547576, 1.2258109330239892, 0.6665536609681737, 0.3111679294619603, 0.07377957689669432, 0.9776414354445937, 1.0595410356504196, 1.0789988444631808, 1.0230242227592667, 1.1542696161720412, 0.9807909683606155, 0.30541456629103464, 0.1537493904088176, 0.07204727512652571, 0.5069720512612966, 0.8383976636410079, 0.7543478046249165, 1.1305098142374563, 1.175830838450025, 0.9007157231724396, 0.8386695614515028, 1.0070469392771575, 0.8969587395361487, 0.49246737191863826, 0.3480079349059996, 0.0639420124020123, 0.05990950179916236, 0.27253582037424046, 0.44103662106296765, 0.5711413043967489, 0.6009311439365553, 0.8197321071669483]}, "objectives": {"y1": [0.7632798826050758, 2.8368113819664718, 0.31579857165962455, 0.09746985416475683, 2.034103807232976, 1.300221069692502, 0.8639269832085635, 0.18328034646996513, 0.5283889704871106, 0.33272890416404344, 0.18381309660242923, 0.07529693001020771, 0.4375342560403184, 0.9568418698694178, 1.115669955444654, 1.0658081141673696, 1.0339845077881007, 0.9894343775468969, 1.0949215955548188, 0.7811263261869953, 0.7611338171274408, 0.6245043991857294, 0.5745578334301624, 0.63109874528646, 0.9703231138214011, 1.0699132181705093, 1.1889394465170475, 1.174382248628945, 1.0373927268627081, 1.0381426600590342, 1.1554638493360578, 0.9523559572265388, 0.9151098017524701, 0.8241177507986472, 0.5572092495780352]}, "constraints": {"c1": [0.7554524567713182, 7.7370526216992275, 3.1237598524865104, 2.018461461556807, 4.713552463519167, 1.1077556876746264, -0.22985296270050803, -1.059688631619098, 0.24237202425797683, 0.21779120180801534, 0.2884229816823046, 0.013741594356862341, 0.4353545878568549, 0.7794461688800582, 0.3803316600956461, 0.22563614119801834, 0.030123727691765925, 0.20857031953796024, 0.9531644277400724, 0.08306609683942086, 0.9572195757070118, 0.7683560453855021, 0.23568977315301431, 0.16406298818389498, 0.8600520833164573, 0.9325808911245642, 0.556101120257003, 0.5105615520550556, 0.024981738949887144, 0.020931316041191847, 0.4938558238236015, 0.022247180716975318, 0.2515166534454888, 0.11953726322054914, 0.08163415776215867], "c2": [0.36735977075228476, 5.560993552484143, 2.2408772753657, 1.73131179897473, 2.880276001863866, 0.6680938823617136, 0.1681003999709693, 0.28197518800254623, 0.22894727449889, 0.34106579007890586, 0.4352138197698434, 0.4539270352516895, 0.43197069981434655, 0.43986444932292446, 0.4169129850489285, 0.4400283066999006, 0.46828298928433176, 0.23959461942350857, 0.4684446836151841, 0.14372481699291156, 0.4657334962972994, 0.4722486676166631, 0.16613196132341113, 0.13188395286943738, 0.4783004300249921, 0.48237731713959453, 0.4746943014530279, 0.4778930051173711, 0.47893751143294405, 0.48327716918207475, 0.48137281079926214, 0.20810259209401022, 0.17737723270224595, 0.11523941219911565, 0.10550151859069885]}, "constraint_status": {"c1": [1.0, 1.0, 1.0, 1.0, 1.0, 1.0, 0.0, 0.0, 1.0, 1.0, 1.0, 1.0, 1.0, 1.0, 1.0, 1.0, 1.0, 1.0, 1.0, 1.0, 1.0, 1.0, 1.0, 1.0, 1.0, 1.0, 1.0, 1.0, 1.0, 1.0, 1.0, 1.0, 1.0, 1.0, 1.0], "c2": [1.0, 0.0, 0.0, 0.0, 0.0, 0.0, 1.0, 1.0, 1.0, 1.0, 1.0, 1.0, 1.0, 1.0, 1.0, 1.0, 1.0, 1.0, 1.0, 1.0, 1.0, 1.0, 1.0, 1.0, 1.0, 1.0, 1.0, 1.0, 1.0, 1.0, 1.0, 1.0, 1.0, 1.0, 1.0]}, "feasibility": [1.0, 0.0, 0.0, 0.0, 0.0, 0.0, 0.0, 0.0, 1.0, 1.0, 1.0, 1.0, 1.0, 1.0, 1.0, 1.0, 1.0, 1.0, 1.0, 1.0, 1.0, 1.0, 1.0, 1.0, 1.0, 1.0, 1.0, 1.0, 1.0, 1.0, 1.0, 1.0, 1.0, 1.0, 1.0]}