{"variables": {"x1": [0.23984141647815704, 0.13917167484760284, 0.6425073742866516, 0.1949218213558197, 0.4401357173919678, 0.7375462055206299, 0.8845673203468323, 0.6847444176673889, 0.32279542088508606, 0.7722143530845642, 0.7722539305686951, 0.7487890720367432, 0.10288774967193604, 0.7000072598457336, 0.21826700866222382, 0.7993203401565552, 0.5743917906821226, 0.7968405374446073, 0.7628925085483101, 0.6504661031224479, 0.6348405887117091, 0.6412197772290791, 0.6310495956112905, 0.6230815279697993, 0.6429888960772029, 0.6371368901510474, 0.5690205995015593, 0.5959106721881176, 0.5359440354884512, 0.5075675407385668, 0.516607786006877, 0.5255779365867789, 0.46536755684955244, 0.03802561704439719, 0.46592181830231016, 0.42266942840055755, 0.9254854291442997, 0.3078885848984527, 0.3360242596635058, 0.32979383858714745], "x2": [0.4391288161277771, 0.8436262011528015, 0.7386525273323059, 0.5385910272598267, 0.8480438590049744, 0.3508484363555908, 0.3494446575641632, 0.04328785091638565, 0.5673061013221741, 0.462045818567276, 0.7860969305038452, 0.09006885439157486, 0.08993537724018097, 0.21171234548091888, 0.26394331455230713, 0.09077104926109314, 0.133278099158366, 0.13315179532780153, 0.24443222360294456, 0.2662535977959362, 0.3339791365235188, 0.28919009963047165, 0.3533919373062442, 0.3513435767817023, 0.3114715185531751, 0.382987643632393, 0.2754617196104635, 0.4071179540406146, 0.24835315694070936, 0.29805758916278735, 0.23619921336560817, 0.22315201674143, 0.25006677135874167, 0.32774098279003244, 0.1595815776817505, 0.23394315392005044, 0.7441661740471621, 0.08155738012568335, 0.12462951492901672, 0.1101541554921305], "x3": [0.4606703519821167, 0.8133823275566101, 0.3483637273311615, 0.7003438472747803, 0.17806541919708252, 0.7834134101867676, 0.6787371635437012, 0.887326717376709, 0.7405688166618347, 0.13337120413780212, 0.22495098412036896, 0.7067844867706299, 0.09123705327510834, 0.6449421048164368, 0.8432807922363281, 0.815262496471405, 0.6816149325109101, 0.5738004607922969, 0.8096293025251565, 0.5773638192373709, 0.660872933230038, 0.5139172293268561, 0.6761985411584337, 0.4802460553840438, 0.6014540836235875, 0.7426635773887821, 0.6938576508491375, 0.631885989033106, 0.7670859055956251, 0.6241188356270541, 0.624974171832013, 0.6385634627693536, 0.561729002250853, 0.9621026187812781, 0.5813843347224359, 0.6221232701016796, 0.2605044806607142, 0.6203980494818573, 0.5770469548724327, 0.4990785575207245], "x4": [0.12802746891975403, 0.12655200064182281, 0.7763890624046326, 0.38788580894470215, 0.22361838817596436, 0.477830171585083, 0.8821857571601868, 0.47224918007850647, 0.7996797561645508, 0.5258418917655945, 0.8984827995300293, 0.44797661900520325, 0.749937117099762, 0.14657966792583466, 0.5226433873176575, 0.19341984391212463, 0.0636270495607105, 0.15236584288574964, 0.09101014854454584, 0.2337766484636268, 0.1839023652160375, 0.096151636123167, 0.22084613111492438, 0.2195393911772525, 0.26057088634702247, 0.2907017855697749, 0.25553453260909653, 0.30178710953627086, 0.26731724817516267, 0.24036777072179716, 0.2730970447381411, 0.3212924927816241, 0.3377572592669011, 0.6136114299288927, 0.27345808121428994, 0.3177997854209325, 0.0034096689000356725, 0.3001337472122529, 0.3074750484208288, 0.3046294996542568], "x5": [0.23595000803470612, 0.16485922038555145, 0.6662454009056091, 0.692990243434906, 0.4719730019569397, 0.8078035712242126, 0.8384304046630859, 0.39116430282592773, 0.9350954294204712, 0.6420120000839233, 0.1063205823302269, 0.04009319841861725, 0.4011366665363312, 0.45102402567863464, 0.05164001137018204, 0.5355827212333679, 0.4350873017101447, 0.5166762762764182, 0.4239625287417331, 0.4069707088776576, 0.4681887982237419, 0.349902710087209, 0.3368781392634514, 0.453867338792151, 0.29497516851606126, 0.3519625259098203, 0.32629715684488686, 0.30502641677344916, 0.25246735671523657, 0.28837664788496853, 0.2686347278621817, 0.30599207638269454, 0.25130407710297137, 0.0, 0.2773239646725581, 0.3019517298956592, 0.30555975119662376, 0.2765404309070664, 0.32546583913176563, 0.30954306947310906], "x6": [0.10055732727050781, 0.17956866323947906, 0.1224399283528328, 0.9352367520332336, 0.5377172827720642, 0.0799325481057167, 0.297800749540329, 0.8576624393463135, 0.7860922813415527, 0.11337899416685104, 0.49441632628440857, 0.7831676602363586, 0.5382160544395447, 0.736186683177948, 0.28847867250442505, 0.288338840007782, 0.7741497383557903, 0.8075511277678076, 0.8060877654783386, 0.8343665072635225, 0.9160607419094798, 0.8988312825648646, 0.7863376333980798, 0.791248657557634, 0.7420006108096555, 0.7434094646504749, 0.7628714184903558, 0.7991739221846385, 0.7337711844562742, 0.7115159072458415, 0.7982226990021812, 0.7163894320340434, 0.6754033138949944, 0.09552434265747885, 0.6690113752040392, 0.7050163302480206, 0.4819449674136424, 0.6815621184648898, 0.6161144762795259, 0.6910747795520246], "cost": [0.2283281683921814, 0.23284175992012024, 0.6345533728599548, 0.4499175250530243, 0.8352154493331909, 0.19915871322155, 0.4843732416629791, 0.9175089597702026, 0.6225978136062622, 0.6711664199829102, 0.16223713755607605, 0.4403185248374939, 0.5574281811714172, 0.4638606905937195, 0.43824824690818787, 0.2894248962402344, 0.10075273925053718, 0.10797128105047606, 0.13543633087834153, 0.12297342049258043, 0.16101855241477406, 0.1364133535329158, 0.13669920041931455, 0.12944577589368503, 0.04617947142571512, 0.03452300795776642, 0.06188975274219768, 0.11479522878325628, 0.051478475199348034, 0.05027182061896129, 0.043545992962474286, 0.06566042981250644, 0.03542226485483507, 0.0, 0.03961999222271115, 0.03470204951876682, 0.0, 0.030152341716361344, 0.02465796343155711, 0.03443107606890337]}, "objectives": {"y1": [-0.21868198417786128, -0.13703970354282646, -0.5969303796074162, -0.1949373361339417, -0.2653020114252093, -0.04387933222419248, -0.001075723420084978, -0.5629156624395351, -0.021179752365995088, -0.07261145501010136, -0.008431307263403085, -0.3925096642080683, -0.22621434571104504, -0.8103884603523891, -0.16752376085842385, -0.09557419018227979, -0.8557928432978825, -0.383836047953522, -0.6268220623989753, -1.1320621851268375, -0.7059288003344577, -0.8171606820691804, -1.4046240101275802, -0.980901446580616, -1.5573524554309721, -1.3347874754047144, -1.7642321992544183, -1.4823897819402903, -1.7980678603525388, -2.0714307750698935, -1.966576031763363, -2.0901430440599746, -2.280266853912546, -0.03333214488505868, -2.468076840804474, -2.502314832386086, -0.06855368546810882, -2.818929862026332, -2.880843526150756, -3.0384426365444805]}, "constraints": {}, "constraint_status": {}, "feasibility": [1.0, 1.0, 1.0, 1.0, 1.0, 1.0, 1.0, 1.0, 1.0, 1.0, 1.0, 1.0, 1.0, 1.0, 1.0, 1.0, 1.0, 1.0, 1.0, 1.0, 1.0, 1.0, 1.0, 1.0, 1.0, 1.0, 1.0, 1.0, 1.0, 1.0, 1.0, 1.0, 1.0, 1.0, 1.0, 1.0, 1.0, 1.0, 1.0, 1.0]}