{"variables": {"x1": [0.6567873358726501, 0.2001422792673111, 0.9310134649276733, 0.2509995698928833, 0.9105563759803772, 0.6864409446716309, 0.4649289548397064, 0.4814327359199524, 0.3240472078323364, 0.6552366018295288, 0.7931053638458252, 0.669142484664917, 0.49032118916511536, 0.9430692791938782, 0.9350970983505249, 0.6973696351051331, 0.46582037004203564, 0.4750939766918702, 0.5359381864294223, 0.5113762977181896, 0.5199106823568352, 0.442924039753619, 0.46648262494790094, 0.4841160527876936, 0.45200982160316394, 0.0006316736258724344, 0.4260803754314788, 0.44391168450456475, 0.40862080939597345, 0.36944351703132766, 0.40344023253629424, 0.39158095167111684, 0.39592940320664344, 0.482859953472307, 0.4592227771518941, 0.10523882921803214, 1.0, 0.3842673585900388, 0.9313759942636718, 0.3822349246364855, 0.4839880484917283, 0.49099551356469656, 0.4027356331984423, 0.4851921577944895, 0.4548036421137731, 0.42200619040389126, 0.41797430309453015, 0.3070319379649599, 0.5006181612330767, 0.49521272447225023, 0.9999931106354658, 0.450318293649824, 0.28292219572675886, 1.0, 0.8658509895674104, 0.4346504795331686], "x2": [0.752234697341919, 0.8594180941581726, 0.5080112814903259, 0.5244127511978149, 0.4177277684211731, 0.12855090200901031, 0.22837518155574799, 0.265605628490448, 0.6830943822860718, 0.45904067158699036, 0.32330918312072754, 0.2768635153770447, 0.9119760394096375, 0.5892072319984436, 0.8056215047836304, 0.8099549412727356, 0.8763348057144459, 0.9883756956909991, 0.9785389493862671, 0.9264252653320825, 0.8964713355962505, 0.9767789837062171, 0.823117121218455, 0.9675918483607076, 0.8998934797393567, 0.19826550555704078, 0.8676803090490924, 0.8277391804214578, 0.8697468861995478, 0.8747169060006639, 0.8814022453894341, 0.906273924068674, 0.8893833993465212, 0.4214101976474151, 0.016867066212672328, 0.10216619785290429, 0.7479703116482501, 0.9055488798962712, 0.5101089187128661, 0.8491321828771291, 0.2504767784997436, 0.2306069442292881, 0.8850672089844535, 0.2532330053640622, 0.2628604504643165, 0.37768724489236777, 0.26051503798056463, 0.8958624387307373, 0.30168192013227174, 0.3408503281647133, 0.9999366523767133, 0.7552996111147393, 0.9049004011802798, 0.42288114315161035, 0.5775504796149742, 0.878777825614505], "x3": [0.4549112617969513, 0.9357442259788513, 0.9630617499351501, 0.9927620887756348, 0.054057903587818146, 0.15111421048641205, 0.8423832654953003, 0.0506320558488369, 0.7566952109336853, 0.5530192852020264, 0.1800646334886551, 0.12559957802295685, 0.688273549079895, 0.5188570618629456, 0.3052631914615631, 0.02898625284433365, 0.6194265057789736, 0.5287415572347884, 0.7454231543590122, 0.8326716639896493, 0.5287347524898959, 0.6544848141481023, 0.63553512634996, 0.5582736521466001, 0.8043358494619737, 0.21412789624560358, 0.6000932504252352, 0.6982336963511062, 0.5422161275101223, 0.7090574038023757, 0.6043929471830207, 0.5002991655136011, 0.648412672696511, 0.00031450129335919806, 0.17201759301435035, 0.16308783784509231, 0.28575611926244865, 0.6148197380624731, 0.9551334997606516, 0.5398983895569804, 0.07758961535782874, 0.11254866058432175, 0.6942400673723204, 0.07030110909316385, 0.0, 0.0009376850114167213, 0.0056505470841229696, 0.14886501984020165, 0.29624810521260164, 0.08841215529620944, 0.9998680730038572, 0.379722895982323, 0.46579746631051466, 0.9665193005843322, 0.2095859483611861, 0.5390846266718612], "x4": [0.4132959246635437, 0.8197517395019531, 0.6598976254463196, 0.4288041293621063, 0.5126424431800842, 0.021883957087993622, 0.05879799649119377, 0.36125028133392334, 0.7727220058441162, 0.9873645901679993, 0.7688421607017517, 0.537265956401825, 0.6073526740074158, 0.7751407623291016, 0.407731294631958, 0.007626147009432316, 0.46613755483272207, 0.6472488630103238, 0.5369077400590598, 0.6452453855830569, 0.5830289158339368, 0.5876004990505114, 0.692347037885285, 0.7314369191789906, 0.553388289598969, 0.26568031842051865, 0.5628515493320254, 0.5702218590481257, 0.5534019099634199, 0.5459317878805511, 0.47188921342394197, 0.5575950715539967, 0.5613385728763344, 0.4380828022717996, 0.2696222131060319, 0.0, 0.2333465797144826, 0.6150269537567437, 0.6597140913928766, 0.5893337707984239, 0.3696368133854704, 0.38440997151293876, 0.5778449336235609, 0.370488954393013, 0.3514581680612547, 0.32887676458089965, 0.3802584101149804, 0.5724465861810694, 0.37785745167559454, 0.378962697600173, 0.9999845679372431, 0.04893331704813454, 0.5774569214916199, 0.6457725625220219, 0.5016752195586947, 0.5905333846406684], "x5": [0.26073524355888367, 0.5144887566566467, 0.3185174763202667, 0.1712430715560913, 0.3113758862018585, 0.7890773415565491, 0.8272192478179932, 0.13143888115882874, 0.08422631025314331, 0.2015555053949356, 0.9111695885658264, 0.390549898147583, 0.19936233758926392, 0.34053727984428406, 0.70307457447052, 0.8114831447601318, 0.29269485556727864, 0.15202828565084778, 0.07498041483188261, 0.2898009415607166, 0.2593426440595367, 0.2707917785304811, 0.22890903271428284, 0.28760967495319945, 0.20075190280895397, 0.8620281163390522, 0.19587236828371873, 0.3253559373550452, 0.09989077574877776, 0.18554915688557344, 0.19728098981248568, 0.2483596599707325, 0.1503871691832609, 0.000745639063967581, 0.0, 0.2959451046347311, 0.2198180772042996, 0.16664865451949548, 0.3180471297434254, 0.19965866960647696, 0.06246729148220172, 0.0, 0.2875048039959492, 0.06482254223079432, 0.44205959030799336, 0.3869920554556376, 0.45002968688618555, 0.08109956244624454, 0.2437667714788013, 0.26496069560962576, 0.31066826983272744, 0.8747553815868628, 0.57197545418602, 0.8310188013549518, 0.4335031732824368, 0.2153238136789208], "x6": [0.9261654615402222, 0.5639330744743347, 0.19161589443683624, 0.08339657634496689, 0.4396948218345642, 0.49103230237960815, 0.24688872694969177, 0.7739922404289246, 0.223113015294075, 0.9179337024688721, 0.893818736076355, 0.8545708656311035, 0.11574121564626694, 0.2164274901151657, 0.8240131139755249, 0.9089198112487793, 0.15066160017730987, 0.026922519858280064, 0.17782423039821618, 0.039636774805146484, 0.0, 0.0, 0.015997606502978743, 0.10020472436133554, 0.0, 0.5206749042758873, 0.013527005182860824, 0.00031299351091527457, 0.0, 0.0, 0.0, 0.03532405499675832, 0.06268855667686311, 0.6347846831597226, 1.0, 0.0, 1.0, 0.031282665306395854, 0.19445807466221893, 0.050290615559650705, 0.7568156572103937, 0.7376942194206607, 0.0496191949664449, 0.7586897381762435, 0.8152915815802959, 0.8482917307482349, 0.8192229137729374, 0.035811691199690146, 0.8806195757672672, 0.8788489217975273, 1.0, 0.45584929396463114, 0.10008200571958246, 0.533868619147427, 0.8292139603212911, 0.01852363480011897], "cost": [0.11693785339593887, 0.5175179243087769, 0.6802207827568054, 0.18087267875671387, 0.5775884985923767, 0.2851053774356842, 0.9377881288528442, 0.7073009014129639, 0.6976086497306824, 0.5454458594322205, 0.3355451822280884, 0.21218812465667725, 0.7886687517166138, 0.5121768116950989, 0.5098071694374084, 0.06916152685880661, 0.0, 0.0, 0.0, 0.0, 0.06426799026700393, 0.0647925776249428, 0.0, 0.04066890822963723, 0.6658477304947161, 0.7419197313203044, 0.06804377532447012, 0.6810719839513256, 0.7421104573560171, 0.6789528822373352, 0.6864813605726521, 0.7716696783026842, 0.7699463231445929, 1.0, 1.0, 1.0, 1.0, 0.7784746466546373, 1.0, 0.7847947473396688, 1.0, 1.0, 0.8068818913094137, 0.6239400236744966, 1.0, 1.0, 1.0, 0.9284266165330008, 1.0, 1.0, 1.0, 1.0, 1.0, 1.0, 1.0, 0.8476271977052869]},