{"x1":{"0":1.1723444823,"1":0.2125680201,"2":0.4350811128,"3":2.3259958366,"4":0.2179820764,"5":0.1679629366,"6":2.1904017492,"7":1.5645667661,"8":2.1213318508,"9":1.7777906646,"10":0.573729056,"11":0.0,"12":0.770846054,"13":0.0,"14":0.1362701258,"15":1.0499911769,"16":1.0697384471,"17":0.8201713224,"18":0.9346204403,"19":0.4444059693,"20":0.987055529,"21":0.2134943573,"22":1.0325453411,"23":0.0548028907,"24":0.5815612485,"25":0.9348266526,"26":0.0346421532,"27":0.7615390541,"28":0.415640101,"29":0.979712301},"x2":{"0":1.4130645699,"1":2.7602313132,"2":2.1345463201,"3":0.2630921823,"4":0.3841062318,"5":0.2287243567,"6":2.9253825939,"7":2.9829671204,"8":0.9404370058,"9":2.4226562062,"10":0.9677929666,"11":0.9908339638,"12":0.3317729023,"13":0.7456349626,"14":1.0511082267,"15":0.4134893996,"16":0.1905305558,"17":0.7291424546,"18":0.0,"19":0.8920340999,"20":0.0642102071,"21":0.9767641985,"22":0.0572017986,"23":1.0348498072,"24":0.8516555775,"25":0.5103836399,"26":1.0248465441,"27":0.6917650937,"28":0.9056600339,"29":0.3356439326},"y1":{"0":1.1723444823,"1":0.2125680201,"2":0.4350811128,"3":2.3259958366,"4":0.2179820764,"5":0.1679629366,"6":2.1904017492,"7":1.5645667661,"8":2.1213318508,"9":1.7777906646,"10":0.573729056,"11":0.0,"12":0.770846054,"13":0.0,"14":0.1362701258,"15":1.0499911769,"16":1.0697384471,"17":0.8201713224,"18":0.9346204403,"19":0.4444059693,"20":0.987055529,"21":0.2134943573,"22":1.0325453411,"23":0.0548028907,"24":0.5815612485,"25":0.9348266526,"26":0.0346421532,"27":0.7615390541,"28":0.415640101,"29":0.979712301},"y2":{"0":1.4130645699,"1":2.7602313132,"2":2.1345463201,"3":0.2630921823,"4":0.3841062318,"5":0.2287243567,"6":2.9253825939,"7":2.9829671204,"8":0.9404370058,"9":2.4226562062,"10":0.9677929666,"11":0.9908339638,"12":0.3317729023,"13":0.7456349626,"14":1.0511082267,"15":0.4134893996,"16":0.1905305558,"17":0.7291424546,"18":0.0,"19":0.8920340999,"20":0.0642102071,"21":0.9767641985,"22":0.0572017986,"23":1.0348498072,"24":0.8516555775,"25":0.5103836399,"26":1.0248465441,"27":0.6917650937,"28":0.9056600339,"29":0.3356439326},"c1":{"0":2.3626169971,"1":6.6306145302,"2":3.8452980049,"3":4.5023980718,"4":-0.76554914,"5":-0.8436205,"6":12.4210799209,"7":10.3334845935,"8":4.2921104603,"9":8.1060122626,"10":0.3308211201,"11":-0.1182480562,"12":-0.3933172652,"13":-0.5440285025,"14":0.1706375326,"15":0.1773700265,"16":0.2755211942,"17":0.1452693433,"18":-0.2264846326,"19":-0.0510616586,"20":-0.072274615,"21":0.0951394628,"22":0.0061298295,"23":0.0076586174,"24":0.1622327316,"25":0.1485320209,"26":-0.0342279075,"27":-0.0134786651,"28":-0.0895014189,"29":0.0186472108},"c2":{"0":1.2857340116,"1":5.1912627324,"2":2.6759561346,"3":3.3903861092,"4":0.0929654747,"5":0.1838390861,"6":8.7399388002,"7":7.2984281205,"8":2.8227017265,"9":5.3293558696,"10":0.2242662333,"11":0.49091798,"12":0.1016579414,"13":0.3103365349,"14":0.4360196989,"15":0.3099743786,"16":0.420373235,"17":0.1550159402,"18":0.4388949271,"19":0.1567814317,"20":0.427135832,"21":0.3093895842,"22":0.4796747875,"23":0.4842647824,"24":0.1303138825,"25":0.1891820378,"26":0.4920218204,"27":0.105176528,"28":0.1716766557,"29":0.2571368086},"c1_stat":{"0":1.0,"1":1.0,"2":1.0,"3":1.0,"4":0.0,"5":0.0,"6":1.0,"7":1.0,"8":1.0,"9":1.0,"10":1.0,"11":0.0,"12":0.0,"13":0.0,"14":1.0,"15":1.0,"16":1.0,"17":1.0,"18":0.0,"19":0.0,"20":0.0,"21":1.0,"22":1.0,"23":1.0,"24":1.0,"25":1.0,"26":0.0,"27":0.0,"28":0.0,"29":1.0},"c2_stat":{"0":0.0,"1":0.0,"2":0.0,"3":0.0,"4":1.0,"5":1.0,"6":0.0,"7":0.0,"8":0.0,"9":0.0,"10":1.0,"11":1.0,"12":1.0,"13":1.0,"14":1.0,"15":1.0,"16":1.0,"17":1.0,"18":1.0,"19":1.0,"20":1.0,"21":1.0,"22":1.0,"23":1.0,"24":1.0,"25":1.0,"26":1.0,"27":1.0,"28":1.0,"29":1.0},"feasibility":{"0":0.0,"1":0.0,"2":0.0,"3":0.0,"4":0.0,"5":0.0,"6":0.0,"7":0.0,"8":0.0,"9":0.0,"10":1.0,"11":0.0,"12":0.0,"13":0.0,"14":1.0,"15":1.0,"16":1.0,"17":1.0,"18":0.0,"19":0.0,"20":0.0,"21":1.0,"22":1.0,"23":1.0,"24":1.0,"25":1.0,"26":0.0,"27":0.0,"28":0.0,"29":1.0}}