{"variables": {"x1": [1.2306847633734346, 2.0506613107287883, 1.0073530224168301, 2.1856382110530137, 0.28961477104626593, 0.28647138457798865, 0.30361206490872394, 0.004798850163080789, 0.0, 0.13862653705356764, 0.04832417587530597, 0.8682830880281938, 1.0109381260148953, 0.05316010205337963, 1.0321992459713092, 0.8741461294232604, 0.9215786187565043, 0.7599502385847579, 0.4914320470503419, 0.913868512455272, 1.0230829179694176, 0.8347013112538, 1.0293454294163462, 1.0333647447167438, 0.0], "x2": [2.5297900304883716, 1.369707834213674, 0.20107178760446606, 3.089947396954298, 0.8594963681349158, 0.8420767000379356, 1.0120491049798157, 0.0, 0.9019446810844435, 1.050511279139238, 1.0159758188965442, 0.0, 0.08101803029114024, 1.0338548465837125, 0.07834683841828446, 0.43616374262358226, 0.368015337862899, 0.7680446213774184, 0.9173643653958068, 0.5261560051749449, 0.03632464167288163, 0.6322924154942076, 0.04146759616304879, 0.044966712719303054, 0.5274008694236932]}, "objectives": {"y1": [1.2306847633734346, 2.0506613107287883, 1.0073530224168301, 2.1856382110530137, 0.28961477104626593, 0.28647138457798865, 0.30361206490872394, 0.004798850163080789, 0.0, 0.13862653705356764, 0.04832417587530597, 0.8682830880281938, 1.0109381260148953, 0.05316010205337963, 1.0321992459713092, 0.8741461294232604, 0.9215786187565043, 0.7599502385847579, 0.4914320470503419, 0.913868512455272, 1.0230829179694176, 0.8347013112538, 1.0293454294163462, 1.0333647447167438, 0.0], "y2": [2.5297900304883716, 1.369707834213674, 0.20107178760446606, 3.089947396954298, 0.8594963681349158, 0.8420767000379356, 1.0120491049798157, 0.0, 0.9019446810844435, 1.050511279139238, 1.0159758188965442, 0.0, 0.08101803029114024, 1.0338548465837125, 0.07834683841828446, 0.43616374262358226, 0.368015337862899, 0.7680446213774184, 0.9173643653958068, 0.5261560051749449, 0.03632464167288163, 0.6322924154942076, 0.04146759616304879, 0.044966712719303054, 0.5274008694236932]}, "constraints": {"c1": [6.857164668367418, 5.1813109982810115, 0.15518430981370038, 13.415878045018696, -0.22425482474647532, -0.2597598944439786, 0.12133359648457898, -1.0999769710371123, -0.28649579226348154, 0.17321087149254633, -0.037910113902508855, -0.3460844790442239, -0.00015689280303879394, 0.0036049884709739716, 0.03647009261924297, -0.08903086123903489, -0.11317775076624034, 0.0677758816470051, 0.08454148085824299, 0.1603181057227146, -0.03628817629265696, 0.1548639392104732, -0.018685384997910642, -0.006889499782966005, -0.8218483229311325], "c2": [4.653947791296076, 3.160942217483763, 0.34676516552148196, 9.549203697552347, 0.17349958326411, 0.16261093831288495, 0.3007625069600456, 0.4952241787998069, 0.41155952665207496, 0.4336534481814165, 0.4702420957846809, 0.3856324329275823, 0.4366036595567289, 0.48466689161786536, 0.4610274260842863, 0.14406039391823539, 0.1951484828320867, 0.1394220455896361, 0.1742664233199921, 0.17197128220865138, 0.48861057699118216, 0.12952625095230513, 0.4904585490124689, 0.4915332434402345, 0.25075080764517427]}, "constraint_status": {"c1": [1.0, 1.0, 1.0, 1.0, 0.0, 0.0, 1.0, 0.0, 0.0, 1.0, 0.0, 0.0, 0.0, 1.0, 1.0, 0.0, 0.0, 1.0, 1.0, 1.0, 0.0, 1.0, 0.0, 0.0, 0.0], "c2": [0.0, 0.0, 1.0, 0.0, 1.0, 1.0, 1.0, 1.0, 1.0, 1.0, 1.0, 1.0, 1.0, 1.0, 1.0, 1.0, 1.0, 1.0, 1.0, 1.0, 1.0, 1.0, 1.0, 1.0, 1.0]}, "feasibility": [0.0, 0.0, 1.0, 0.0, 0.0, 0.0, 1.0, 0.0, 0.0, 1.0, 0.0, 0.0, 0.0, 1.0, 1.0, 0.0, 0.0, 1.0, 1.0, 1.0, 0.0, 1.0, 0.0, 0.0, 0.0]}