{"variables": {"x1": [2.985598404547572, 0.9272158889383078, 2.7011135562217237, 3.038602901251316, 2.393751778142452, 1.0661927585015976, 0.42589453702998437, 1.363150940935837, 0.7435020805167999, 1.082900327634682, 0.5212582270614269, 0.0, 0.0, 1.0460097813327824, 0.24635428549695707, 0.011871230469797472, 0.37515126703825635, 0.08122692407671503, 0.7104250852973507, 0.8929528701472875, 1.029817226378411, 0.6944943970983604, 0.04573946795097266, 0.45443410803469914, 0.9773237053129777], "x2": [2.428937807251215, 0.6926931384149193, 0.6251779110229015, 2.8514120878922937, 1.4442635069105028, 0.04499827558542699, 0.41430152413467747, 0.6494212328212046, 1.1964767956681763, 0.21430103731451283, 0.985447527800613, 0.0, 0.5924475754293852, 0.08085746736410523, 1.057478482248056, 1.0183425788330527, 1.0614721010869967, 1.0512820842137744, 0.7529720799382157, 0.4756718134657977, 0.04595506112311185, 0.7906207509955221, 1.0317281886578222, 0.9360903333622363, 0.2608259373111027]}, "objectives": {"y1": [2.985598404547572, 0.9272158889383078, 2.7011135562217237, 3.038602901251316, 2.393751778142452, 1.0661927585015976, 0.42589453702998437, 1.363150940935837, 0.7435020805167999, 1.082900327634682, 0.5212582270614269, 0.0, 0.0, 1.0460097813327824, 0.24635428549695707, 0.011871230469797472, 0.37515126703825635, 0.08122692407671503, 0.7104250852973507, 0.8929528701472875, 1.029817226378411, 0.6944943970983604, 0.04573946795097266, 0.45443410803469914, 0.9773237053129777], "y2": [2.428937807251215, 0.6926931384149193, 0.6251779110229015, 2.8514120878922937, 1.4442635069105028, 0.04499827558542699, 0.41430152413467747, 0.6494212328212046, 1.1964767956681763, 0.21430103731451283, 0.985447527800613, 0.0, 0.5924475754293852, 0.08085746736410523, 1.057478482248056, 1.0183425788330527, 1.0614721010869967, 1.0512820842137744, 0.7529720799382157, 0.4756718134657977, 0.04595506112311185, 0.7906207509955221, 1.0317281886578222, 0.9360903333622363, 0.2608259373111027]}, "constraints": {"c1": [13.820369522142414, 0.4062120671819103, 6.774736931328184, 16.27630241646515, 6.889876079353399, 0.06071325231711813, -0.7445413584498524, 1.2124710215897614, 1.0707051682173265, 0.3185858011103412, 0.2358932333799389, -1.1, -0.7490058703678429, 0.06766178948652435, 0.26570765481557856, -0.06110320293017313, 0.2012841325168344, 0.07872483005089986, -0.017708934240303453, 0.02136728413748305, -0.012970992974218346, 0.05628071684777509, -0.00935518210433317, 0.024442970415862138, 0.0745709081973088], "c2": [9.89900049293256, 0.21964406135353975, 4.860570396791101, 11.973643497327593, 4.477929367700621, 0.5276008089998834, 0.012835848407639627, 0.7673562516562296, 0.5443731901202208, 0.421396689236183, 0.23611121446552205, 0.5, 0.25854655420277184, 0.47380714397550494, 0.37511840665535534, 0.5069487246743689, 0.3308381264211994, 0.4792828254933325, 0.10827358975066431, 0.15500381881703396, 0.4868630998870296, 0.12228849141185594, 0.48908749759079395, 0.1922510293625799, 0.285042151916823]}, "constraint_status": {"c1": [1.0, 1.0, 1.0, 1.0, 1.0, 1.0, 0.0, 1.0, 1.0, 1.0, 1.0, 0.0, 0.0, 1.0, 1.0, 0.0, 1.0, 1.0, 0.0, 1.0, 0.0, 1.0, 0.0, 1.0, 1.0], "c2": [0.0, 1.0, 0.0, 0.0, 0.0, 0.0, 1.0, 0.0, 0.0, 1.0, 1.0, 0.0, 1.0, 1.0, 1.0, 0.0, 1.0, 1.0, 1.0, 1.0, 1.0, 1.0, 1.0, 1.0, 1.0]}, "feasibility": [0.0, 1.0, 0.0, 0.0, 0.0, 0.0, 0.0, 0.0, 0.0, 1.0, 1.0, 0.0, 0.0, 1.0, 1.0, 0.0, 1.0, 1.0, 0.0, 1.0, 0.0, 1.0, 0.0, 1.0, 1.0]}